id;nombre;apellido;edad;sexo
1;mobile Fish;Home Loan Account Table Computer;5808;MUJER
2;deposit Tasty Metal Bacon Implementation;Chips;18340;MUJER
3;Home Namibia;Steel zero administration;36636;HOMBRE
4;Savings Account syndicate Planner;Refined Rubber Chicken Table;6505;MUJER
5;South Dakota envisioneer Music;Nakfa;44015;MUJER
6;incentivize Tuna copy;Costa Rica Mayotte;18485;MUJER
7;Views e-enable Communications;National Awesome sky blue;4522;HOMBRE
8;Louisiana Specialist Home Loan Account;Plastic;80219;MUJER
9;deliverables reinvent 24 hour;overriding;70685;HOMBRE
10;Internal;Investment Account archive Fantastic Plastic Chicken;32518;HOMBRE
